from, email, russel, earnest, subject, re, play, rush, to, maj, org, georg, institut, of, technolog, lin, numb, in, artic, email, email, len, ree, writ, in, artic, email, email, hanson, loo, writ, did, n't, bob, horn, go, straight, from, arizon, stat, un, to, the, atlant, brav, i, rememb, he, had, on, gre, mon, hit, ding, and, then, the, next, i, heard, he, was, in, jap, a, mon, wel, he, did, hav, a, short, car, comp, to, what, on, might, hav, expect, for, such, a, high, tout, prospect, due, to, being, injury, pron, overweight, and, hav, no, work, eth, but, he, certain, did, not, suff, from, being, rush, to, the, big, sorry, len, thi, is, exact, how, he, suff, from, being, rush, to, the, big, being, overweight, and, hav, no, work, eth, lead, to, being, injury, pron, with, noth, to, loos, might, hav, been, correct, in, richmond, did, you, intend, a, smiley, aft, yo, com, thi, bring, back, the, long, suff, mem, of, pre, chop, brav, fan, who, kept, being, prom, the, bob, horn, dal, murph, back, to, back, pow, slam, who, could, stop, that, guess, we, 'll, nev, know, p, s, rocky, fan, ar, ther, any, yet, is, dal, get, any, play, tim, out, ther, i, plan, to, be, at, the, gam, on, jun, numb, th, they, 'll, hav, to, play, him, then, read, that, to, mem, and, process, it, russel, earnest, georg, institut, of, technolog, atlant, georg, numb, uucp, allegr, amd, hplabs, seismo, ut, ngp, gatech, prism, re, numb, arp, email