from, email, jon, livesey, subject, re, object, mor, was, re, polit, ath, org, sgi, lin, numb, distribut, world, nntp, post, host, url, in, artic, email, email, kei, al, schneider, writ, email, jon, livesey, writ, in, anoth, part, of, thi, thread, you, 've, been, tel, us, that, the, goal, of, a, nat, mor, is, what, anim, do, to, surv, that, 's, right, hum, hav, gon, somewh, beyond, thi, though, perhap, our, goal, is, on, of, self, act, hum, hav, gon, somewh, beyond, what, exact, in, on, thread, you, 're, tel, us, that, nat, mor, is, what, anim, do, to, surv, and, in, thi, thread, you, ar, claim, that, an, omniscy, being, can, definit, say, what, is, right, and, what, is, wrong, so, what, doe, thi, omniscy, being, us, for, a, crit, the, long, term, surv, of, the, hum, specy, or, what, how, doe, omniscy, map, into, definit, being, abl, to, assign, right, and, wrong, to, act, but, suppos, that, yo, omniscy, being, told, you, that, the, long, term, surv, of, hum, requir, us, to, extermin, som, oth, specy, eith, terrest, or, aly, now, you, ar, let, an, omniscy, being, giv, inform, to, me, thi, was, not, part, of, the, origin, prem, wel, yo, origin, prem, hav, a, habit, of, chang, ov, tim, so, perhap, you, 'd, lik, to, review, it, for, us, and, tel, us, what, the, diff, is, between, an, omniscy, being, be, abl, to, assign, right, and, wrong, to, act, and, tel, us, the, result, is, doe, that, mak, it, mor, to, do, so, which, typ, of, mor, ar, you, talk, about, in, a, nat, sens, it, is, not, at, al, im, to, harm, anoth, specy, as, long, as, it, doesn't, advers, affect, yo, own, i, guess, i, 'm, talk, about, the, mor, introduc, by, you, which, was, going, to, be, impl, by, thi, omniscy, being, that, can, definit, assign, right, and, wrong, to, act, you, tel, us, what, typ, of, mor, that, is, jon