from, email, mark, bradford, subject, astro, spac, frequ, seen, acronym, supers, email, lifeform, unlimit, cephalopod, lin, numb, expir, numb, may, numb, numb, numb, numb, gmt, nntp, post, host, url, keyword, long, spac, astro, tla, acronym, x, last, upd, numb, numb, numb, arch, nam, spac, acronym, edit, numb, acronym, list, for, sci, astro, sci, spac, and, sci, spac, shuttl, edit, numb, numb, dec, numb, last, post, numb, aug, numb, thi, list, is, off, as, a, ref, for, transl, common, appear, acronym, in, the, spac, rel, newsgroup, if, i, forgot, or, botch, yo, favorit, acronym, pleas, let, me, know, also, if, ther, 's, an, acronym, not, on, thi, list, that, confus, you, drop, me, a, lin, and, if, i, can, fig, it, out, i, 'll, ad, it, to, the, list, not, that, thi, is, intend, to, be, a, ref, for, frequ, seen, acronym, and, is, most, emph, not, encyclop, if, i, incorp, every, acronym, i, ev, saw, i, 'd, soon, run, out, of, disk, spac, the, list, wil, be, post, at, regul, interv, every, numb, day, al, com, regard, it, ar, welcom, i, 'm, reach, as, email, that, thi, just, tel, what, the, acronym, stand, for, you, 're, on, yo, own, for, fig, out, what, they, mean, not, also, that, the, tot, numb, of, acronym, in, us, far, excess, what, i, can, list, spec, purpos, acronym, that, ar, ess, alway, explain, as, they, 're, introduc, ar, omit, furth, som, acronym, stand, for, mor, than, on, thing, as, of, edit, numb, of, the, list, thes, acronym, appear, on, multipl, lin, unless, they, 're, simply, diff, way, of, refer, to, the, sam, thing, thank, to, everybody, who, 's, sent, suggest, sint, the, first, vert, of, the, list, and, espec, to, garret, a, wollm, email, is, maintain, an, independ, list, somewh, mor, verbos, in, charact, than, min, and, to, daniel, fisch, email, is, maintain, a, tru, hug, list, numb, at, last, count, of, acronym, and, term, most, in, germ, which, i, read, fortun, spec, thank, thi, tim, to, ken, hol, at, nas, who, sent, me, a, cop, of, nas, ref, publ, numb, rev, spac, transport, system, and, assocy, payload, gloss, acronym, and, abbrevy, a, tru, mammo, tom, almost, numb, pag, of, tla, spec, bon, at, the, end, of, thi, post, you, wil, find, a, perl, program, writ, by, non, oth, than, larry, wal, whos, purpos, is, to, scramble, the, acronym, list, in, an, entertain, fash, thank, larry, a, a, astronom, and, astrophys, aao, anglo, aust, observ, aa, am, astronom, socy, aa, am, astronaut, socy, aavso, am, assocy, of, vary, star, observ, ac, adv, composit, expl, acrv, ass, crew, return, vehic, or, astronaut, crew, rescu, vehic, adfrf, am, dryd, flight, research, facil, was, dfrf, nas, agn, act, galact, nucle, agu, am, geophys, un, aia, am, institut, of, aeronaut, and, astronaut, aip, astronom, im, process, system, aj, astronom, journ, alex, array, of, low, energy, x, ray, im, sens, alpo, assocy, of, lun, and, planet, observ, al, adv, launch, system, ans, am, nat, standard, institut, ao, abort, ont, around, shuttl, abort, plan, aoc, attitud, and, orbit, control, system, ap, j, astrophys, journ, apm, attach, press, mod, a, k, a, columb, apu, auxy, pow, unit, arc, am, research, cent, nas, artem, adv, relay, technolog, miss, as, astronom, socy, of, the, atl, as, agenz, spaz, italiano, asrm, adv, solid, rocket, mot, atdr, adv, track, and, dat, relay, satellit, atla, atmosph, lab, for, apply, and, sci, atm, am, telescop, mak, ato, abort, to, orbit, shuttl, abort, plan, au, astronom, unit, aur, assocy, of, univers, for, research, in, astronom, aw, st, avy, week, and, spac, technolog, a, k, a, avleak, axaf, adv, x, ray, astrophys, facil, bats, burst, and, transy, sourc, expery, on, cgro, bbxrt, broad, band, x, ray, telescop, astro, pack, bem, bug, ey, monst, bh, black, hol, bim, berkeley, illino, maryland, array, bnsc, brit, nat, spac, cent, btw, by, the, way, c, t, commun, track, ccaf, cap, canav, air, forc, stat, ccd, charg, coupl, dev, ccds, cent, for, the, commerc, develop, of, spac, cd, rom, compact, disk, read, on, mem, cfa, cent, for, astrophys, cfc, chlorofluorocarbon, cff, columb, fre, fly, cfht, canad, frant, hawai, telescop, cgro, arth, holley, compton, gamm, ray, observ, was, gro, char, cent, for, high, angul, resolv, astronom, cir, cryog, infr, rady, instru, for, shuttl, cit, circumstell, im, telescop, cm, command, mod, apollo, spacecraft, cmcc, cent, miss, control, cent, es, cne, cent, nat, d'etude, spat, cno, carbon, nitrog, oxyg, cnsr, comet, nucle, sampl, return, cob, cosm, background, expl, comptel, compton, telescop, on, cgro, cost, correct, opt, spac, telescop, ax, replac, craf, comet, rendezv, asteroid, flyby, crres, combin, releas, rady, effect, satellit, csm, command, and, serv, mod, apollo, spacecraft, cstc, consolid, satellit, test, cent, usaf, ctio, cerro, tololo, interam, observ, dcx, delt, clip, expery, ddcu, dc, to, dc, convert, unit, dfrf, dryd, flight, research, facil, now, adfrf, dmsp, defens, meteorolog, satellit, program, dod, depart, of, defens, sometim, dod, doe, depart, of, energy, dot, depart, of, transport, dscs, defens, satellit, commun, system, dsn, deep, spac, network, dsp, defens, support, program, usaf, nro, eafb, edward, air, forc, bas, ec, environ, control, system, edo, extend, dur, orbit, egret, energet, gamm, ray, expery, telescop, on, cgro, ejas, electron, journ, of, the, astronom, socy, of, the, atl, elv, expend, launch, vehic, emu, extravehicul, mobl, unit, eo, ear, observ, system, er, ear, resourc, satellit, as, in, er, numb, es, europ, spac, ag, eso, europ, southern, observ, et, shuttl, extern, tank, etl, extend, three, let, acronym, et, eastern, test, rang, euv, extrem, ultraviolet, euv, extrem, ultraviolet, expl, ev, extravehicul, act, faq, frequ, ask, quest, fast, fast, aur, snapshot, expl, fft, fast, foury, transform, fgs, fin, guid, sens, on, hst, fhst, fix, head, star, track, on, hst, fir, far, infr, fit, flex, im, transport, system, foc, faint, object, camer, on, hst, fos, faint, object, spectrograph, on, hst, frr, flight, ready, review, ftp, fil, transf, protocol, fts, flight, telerobot, serv, fus, far, ultraviolet, spectroscop, expl, fwhm, ful, wid, at, half, maxim, fyi, for, yo, inform, gas, get, away, spec, gbt, green, bank, telescop, gcvs, gen, catalog, of, vary, star, gem, giotto, extend, miss, geo, geosynchron, ear, orbit, gds, gre, dark, spot, ghrs, goddard, high, resolv, spectrograph, on, hst, gif, graph, interchang, form, glomr, glob, low, orbit, mess, relay, gmc, giant, molecul, cloud, gmrt, giant, met, wav, radio, telescop, gmt, greenwich, mean, tim, also, cal, ut, goe, geost, orbit, environ, satellit, gox, gas, oxyg, gpc, gen, purpos, comput, gps, glob, posit, system, gro, gamm, ray, observ, now, cgro, grs, gamm, ray, spectromet, on, mar, observ, grs, gre, red, spot, gsc, guid, star, catalog, for, hst, gsfc, goddard, spac, flight, cent, nas, gto, geost, transf, orbit, hao, high, altitud, observ, hd, henry, drap, catalog, entry, heao, high, energy, astronom, observ, her, herm, robot, arm, hf, high, frequ, hga, high, gain, antenn, hlc, heavy, lift, cap, hlv, heavy, lift, vehic, hmc, halley, multicol, camer, on, giotto, hr, hertzsprung, russel, diagram, hri, high, resolv, im, on, ros, hsp, high, spee, photomet, on, hst, hst, hubbl, spac, telescop, hut, hopkin, ultraviolet, telescop, astro, pack, hv, high, volt, iapp, intern, am, profess, photoelect, photometry, iau, intern, astronom, un, iauc, iau, circul, ic, intern, comet, expl, id, intern, dark, sky, assocy, idl, interact, dat, langu, igm, intergalact, med, igy, intern, geophys, year, imho, in, my, humbl, opin, iot, infr, opt, telescop, array, iot, intern, occult, tim, assocy, ip, inert, point, system, ir, infr, iraf, im, reduc, and, analys, facil, ira, infr, astronom, satellit, isa, institut, of, spac, and, astronaut, sci, jap, ism, interstell, med, iso, infr, spac, observ, iso, intern, standard, org, ispm, intern, sol, pol, miss, now, ulyss, isy, intern, spac, year, iu, intern, ultraviolet, expl, iu, inert, up, stag, jem, japanes, expery, mod, for, ssf, jgr, journ, of, geophys, research, jil, joint, institut, for, lab, astrophys, jpl, jet, propuls, lab, jsc, johnson, spac, cent, nas, kao, kuip, airborn, observ, kpno, kit, peak, nat, observ, ksc, kennedy, spac, cent, nas, ktb, cretac, terty, bound, from, germ, lanl, los, alamo, nat, lab, larc, langley, research, cent, nas, ldef, long, dur, expos, facil, lem, lun, excurs, mod, a, k, a, lm, apollo, spacecraft, leo, low, ear, orbit, lerc, lew, research, cent, nas, lest, larg, ear, bas, sol, telescop, lfsa, list, of, frequ, seen, acronym, lga, low, gain, antenn, lgm, littl, green, men, lh, liquid, hydrog, also, lh, numb, or, lhx, llnl, lawr, liverm, nat, lab, lm, lun, mod, a, k, a, lem, apollo, spacecraft, lmc, larg, magel, cloud, ln, numb, liquid, n, numb, nitrog, lox, liquid, oxyg, lrb, liquid, rocket, boost, lsr, loc, standard, of, rest, ltp, lun, transy, phenomenon, mb, man, bas, mcc, miss, control, cent, meco, main, engin, cutoff, mmh, monomethyl, hydrazin, mmt, multipl, mir, telescop, mmu, man, maneuv, unit, mnras, month, not, of, the, roy, astronom, socy, moc, mar, observ, camer, on, mar, observ, mol, man, orbit, lab, mol, mar, observ, las, altimet, on, mar, observ, momv, man, orbit, maneuv, vehic, motv, man, orbit, transf, vehic, mpc, min, planet, circul, mrsr, mar, rov, and, sampl, return, mrsrm, mar, rov, and, sampl, return, miss, msfc, georg, c, marshal, spac, flight, cent, nas, mtc, man, tend, cap, nac, nat, adv, commit, on, aeronaut, becam, nas, nas, nat, aeronaut, and, spac, admin, nasd, nat, spac, develop, ag, jap, nasm, nat, air, and, spac, muse, nasp, nat, aerospac, plan, nbs, nat, bureau, of, standard, now, nist, ndv, nasp, der, vehic, nerv, nuclear, engin, for, rocket, vehic, apply, ngc, new, gen, catalog, nicmo, near, infr, camer, mult, object, spectromet, hst, upgrad, nim, near, infr, map, spectromet, on, galileo, nir, near, infr, nist, nat, institut, for, standard, and, technolog, was, nbs, nldp, nat, launch, develop, program, noa, nat, oc, and, atmosph, admin, noao, nat, opt, astronom, observ, nrao, nat, radio, astronom, observ, nro, nat, reconnaiss, off, ns, neutron, star, nsa, nat, sec, ag, nsf, nat, sci, found, nso, nat, sol, observ, nssdc, nat, spac, sci, dat, cent, ntr, nuclear, therm, rocket, ry, ntt, new, technolog, telescop, oao, orbit, astronom, observ, ocst, off, of, commerc, spac, transport, omb, off, of, man, and, budget, om, orbit, maneuv, system, opf, orbit, process, facil, orfe, orbit, and, retriev, far, and, extrem, ultraviolet, spectromet, osc, orbit, sci, corp, osc, orbit, satellit, carry, am, radio, oss, off, of, spac, sci, and, apply, oss, ory, scintil, spectromet, expery, on, cgro, ot, opt, telescop, assembl, on, hst, othb, ov, the, horizon, backscat, otv, orbit, transf, vehic, ov, orbit, vehic, pam, payload, assist, mod, pam, d, payload, assist, mod, delt, class, pi, princip, investig, plss, port, lif, support, system, pm, press, mod, pmc, perm, man, cap, pmir, press, mod, infr, radiomet, on, mar, observ, pmt, photomultiply, tub, psf, point, spread, funct, psr, puls, pv, photovolta, pvo, pion, ven, orbit, qso, quas, stell, object, rci, rod, cag, interfac, for, sls, miss, rcs, react, control, system, rem, rat, enclos, mod, for, sls, miss, rf, radio, frequ, rfi, radio, frequ, interf, riac, research, institut, for, adv, comput, sci, rms, remot, manip, system, rngc, rev, new, gen, catalog, ros, roentg, satellit, rou, rod, of, unus, siz, i, do, n't, believ, they, ex, rsn, real, soon, now, rtg, radioisotop, thermoelect, gen, rtls, return, to, launch, sit, shuttl, abort, plan, saa, sou, atl, anoma, sag, sol, array, gain, aug, for, hst, sampex, sol, anom, and, magnetosph, partic, expl, sao, smithson, astrophys, observ, sar, search, and, rescu, sar, synthet, apert, rad, sar, satellit, pour, astronom, radio, am, sarex, search, and, rescu, exerc, sarex, shuttl, am, radio, expery, sas, spac, act, suit, sas, spac, adapt, syndrom, sat, synthet, apert, telescop, s, c, spacecraft, sca, shuttl, carry, aircraft, sct, schmidt, cassegrain, telescop, sdi, strategic, defens, in, sdio, strategic, defens, in, org, sei, spac, expl, in, sest, swed, eso, submillimet, telescop, set, search, for, extraterrest, intellig, sid, sud, ionosph, disturb, sir, shuttl, im, rad, sirtf, spac, form, shuttl, infr, telescop, facil, sl, spacelab, slar, sid, look, airborn, rad, slc, spac, launch, complex, sls, spac, lab, lif, sci, smc, smal, magel, cloud, sme, sol, mesosph, expl, smex, smal, expl, smm, sol, maxim, miss, sn, supernov, e, g, sn, numb, a, snr, sign, to, nois, ratio, snr, supernov, remn, snu, sol, neutrino, unit, sof, stratospheric, observ, for, infr, astronom, soho, sol, heliosph, observ, span, spac, phys, and, analys, network, spdm, spec, purpos, dext, manip, spot, system, probatoir, pour, l'observation, de, la, ter, sps, sol, pow, satellit, srb, solid, rocket, boost, srm, solid, rocket, mot, ssf, spac, stat, fred, er, freedom, ssi, solid, stat, im, on, galileo, ssi, spac, study, institut, ssme, spac, shuttl, main, engin, sspf, spac, stat, process, facil, ssrms, spac, stat, remot, manip, system, sst, spectroscop, survey, telescop, sst, superson, transport, ssto, singl, stag, to, orbit, sti, spac, telescop, im, spectromet, to, replac, foc, and, ghrs, sts, shuttl, transport, system, or, spac, transport, system, stsci, spac, telescop, sci, institut, swa, submillimet, wav, astronom, satellit, swf, shortwav, fad, tal, transatl, abort, land, shuttl, abort, plan, tau, thousand, astronom, unit, miss, tcs, therm, control, system, tdrs, track, and, dat, relay, satellit, tdrss, track, and, dat, relay, satellit, system, tes, therm, emit, spectromet, on, mar, observ, tiro, televid, infr, observ, satellit, tla, three, let, acronym, tom, tot, ozon, map, spectromet, tps, therm, protect, system, tss, teth, satellit, system, uar, up, atmosph, research, satellit, ubm, unpress, berth, mech, udmh, unsymmet, dimethyl, hydrazin, ufo, unident, fly, object, ugc, uppsal, gen, catalog, uhf, ultr, high, frequ, uit, ultraviolet, im, telescop, astro, pack, ukst, unit, kingdom, schmidt, telescop, usaf, unit, stat, air, forc, usmp, unit, stat, micrograv, payload, ut, univers, tim, a, k, a, gmt, utc, or, zulu, tim, utc, coordin, univers, tim, a, k, a, ut, uv, ultraviolet, uv, ultraviolet, spectromet, vab, vehic, assembl, build, form, vert, assembl, build, vafb, vandenberg, air, forc, bas, veeg, ven, ear, ear, grav, assist, galileo, flight, path, vhf, very, high, frequ, vla, very, larg, array, vlba, very, long, baselin, array, vlbi, very, long, baselin, interferometry, vlf, very, low, frequ, vlt, very, larg, telescop, vms, vert, mot, sim, voir, ven, orbit, im, rad, supers, by, vrm, vpf, vert, process, facil, vrm, ven, rad, map, now, cal, magel, wd, whit, dwarf, wfpc, wid, field, planet, camer, on, hst, wfpcii, replac, for, wfpc, wiyn, wisconsin, indian, yal, noao, telescop, wsmr, whit, sand, missil, rang, wtr, western, test, rang, wup, wisconsin, ultraviolet, photopolarimt, expery, astro, pack, xmm, x, ray, mult, mir, xuv, extrem, ultraviolet, yso, young, stell, object, usr, bin, perl, 'alt, ', an, acronym, scrambling, program, by, larry, wal, threshold, numb, srand, whil, next, unless, a, z, s, key, cur, acro, key, ', word, split, w, ', email, off, numb, foreach, word, email, next, unless, word, a, z, w, vec, w, word, off, numb, numb, numb, foreach, let, a, z, w, let, w, key, w, if, email, threshold, d, egrep, ', let, ', usr, dict, word, chop, d, email, d, foreach, key, sort, key, acro, off, numb, acro, acro, key, acro, s, a, z, a, z, a, z, pick, cur, cur, cur, off, eg, print, key, acro, sub, pick, loc, let, prefix, oldword, off, i, numb, if, leng, prefix, numb, index, key, prefix, numb, if, prefix, eq, oldword, prefix, '', els, prefix, let, if, leng, prefix, numb, loc, w, subst, prefix, numb, do, word, w, rand, w, until, word, ne, oldword, word, prefix, i, i, numb, word, s, prefix, prefix, i, word, els, leng, prefix, numb, loc, w, prefix, do, word, w, rand, w, until, word, ne, oldword, vec, w, word, off, numb, i, numb, word, u, l, word, if, word, tr, a, z, a, z, word, els, loc, w, subst, oldword, numb, do, word, w, rand, w, until, word, ne, oldword, word, tr, a, z, a, z, numb, i, numb, word, mark, bradford, email, to, er, is, hum, to, moo, bovin, it, 's, an, il, wind, that, gath, no, moss