from, email, david, b, mckissock, subject, blu, ribbon, panel, memb, nam, new, softw, vax, vms, vnew, numb, nntp, post, host, tm, numb, lerc, nas, gov, org, nas, lew, research, cent, cleveland, ohio, lin, numb, the, follow, press, releas, was, distribut, april, numb, by, nas, headquart, spac, stat, redesign, adv, memb, nam, along, with, dr, charl, m, vest, rec, nam, by, vic, presid, albert, gor, to, head, the, adv, commit, on, the, redesign, of, the, spac, stat, nas, has, annount, the, nam, of, repres, from, govern, and, industry, and, academ, expert, from, across, the, country, to, particip, in, an, independ, review, of, the, redesign, opt, being, develop, by, nas, i, am, extrem, hon, to, hav, been, select, to, lead, thi, import, review, panel, americ, 's, fut, in, sci, and, technolog, and, as, a, world, lead, in, spac, demand, our, utmost, at, and, car, said, vest, we, hav, assembl, a, divers, panel, of, expert, that, i, believ, wil, bring, the, appropry, meas, of, insight, integr, and, object, to, thi, crit, task, the, adv, commit, is, charg, with, independ, assess, vary, redesign, opt, of, the, spac, stat, pres, by, nasa's, redesign, team, and, propos, recommend, to, improv, efficy, and, effect, of, the, spac, stat, program, spac, stat, intern, partn, also, ar, being, ask, to, particip, and, wil, be, nam, at, a, lat, dat, the, adv, commit, wil, submit, it, recommend, in, jun, adv, commit, memb, nam, today, includ, dr, charl, vest, dr, bobby, alford, presid, mit, execut, vp, dean, of, medicin, bayl, colleg, of, medicin, mr, jay, chabrow, dr, paul, chu, presid, jmr, assocy, direct, texa, cent, for, superconduc, univers, of, houston, dr, ed, crawley, dr, john, fab, prof, of, aero, astro, presid, ceo, mit, ans, maj, gen, jam, fain, dr, edward, fort, deputy, chief, of, staff, for, chancel, requir, headquart, nor, carolin, at, t, usaf, mat, command, stat, univers, dr, mary, good, mr, frederick, hauck, seny, vp, of, technolog, presid, intern, techn, al, sign, int, underwrit, dr, lou, lanzerott, mr, william, lil, chair, spac, sci, nat, academy, of, publ, board, nat, research, admin, council, mr, duan, mcruer, dr, brad, parkinson, presid, system, technolog, prof, of, astro, aero, stanford, univers, dr, robert, seam, dr, lee, silv, form, nas, deputy, admin, w, m, keck, found, profess, for, resourc, geolog, californ, institut, of, technolog, dr, albert, bud, wheelon, retir, ceo, hugh, aircraft