from, email, mark, samson, subject, psygnos, cd, i, titl, was, re, rumo, about, numb, do, reply, to, email, mark, samson, org, philip, research, lab, redhil, uk, lin, numb, in, artic, email, email, ricardo, hernandez, muchado, writ, anyway, stil, with, numb, mhz, you, nee, sprites, for, a, lot, of, trick, for, mak, cool, awesom, gam, read, psygnos, speak, of, psygnos, they, hav, licens, gam, to, philip, int, med, intern, for, cd, i, the, follow, was, rec, post, in, a, mess, in, the, cd, i, sect, of, the, multimed, for, seven, guest, has, been, licens, by, virgin, gam, to, philip, interact, med, intern, for, worldwid, cd, i, right, wer, also, licens, to, p, i, m, i, litil, divil, from, gremlin, graph, uk, and, microcosm, from, psygnos, uk, thos, three, titl, wil, be, adapt, on, cd, i, us, the, ful, pot, of, the, fmv, cartridg, mean, us, the, addit, mem, as, wel, as, the, mot, video, cap, thos, titl, hav, been, negocy, in, europ, but, wil, be, avail, worldwid, also, lem, numb, numb, hav, been, licens, from, psygnos, as, wel, as, striker, socc, from, rag, uk, i, do, n't, know, when, thes, titl, wil, be, avail, or, when, work, on, them, ev, start, so, do, n't, expect, yo, cd, i, retail, to, hav, them, yet, ther, was, also, som, ment, of, fut, nintendo, cd, i, gam, in, an, issu, of, the, uk, magazin, ert, mario, hotel, was, ment, as, hav, numb, level, mark, although, i, work, for, philip, i, do, n't, work, on, cd, i, or, multimed, the, abov, info, is, just, provid, in, good, fai, from, what, i, 've, read, and, doe, not, repres, any, stat, from, philip, mark, samson, inform, technolog, group, philip, research, lab, cross, oak, lan, redhil, surrey, rh, numb, numb, ha, tel, my, ext, numb, numb, tel, lab, numb, numb, telex, numb, fax, numb, numb, email, ser, email, unix, email, bin, fil, email