from, email, stev, kirchoef, subject, numb, rd, cfv, and, vot, ack, misc, heal, diabet, org, nav, research, lab, electron, sci, and, technolog, divid, lin, numb, nntp, post, host, url, thi, is, the, third, and, fin, cal, for, vot, for, the, cre, of, the, newsgroup, misc, heal, diabet, a, mass, acknowledg, of, valid, vot, receiv, as, of, april, numb, th, numb, numb, gmt, appear, at, the, end, of, thi, post, pleas, check, the, list, to, be, sur, that, yo, vot, has, been, reg, read, the, instruct, for, vot, car, and, follow, them, prec, to, be, certain, that, you, plac, a, prop, vot, instruct, for, vot, to, plac, a, vot, for, the, cre, of, misc, heal, diabet, send, an, email, mess, to, email, to, plac, a, vot, against, cre, of, misc, heal, diabet, send, an, email, mess, to, email, the, cont, of, the, mess, should, contain, the, lin, i, vot, for, against, misc, heal, diabet, as, propos, email, mess, sent, to, the, abov, address, must, constitut, unambigu, and, uncondit, vot, for, against, newsgroup, cre, as, propos, condit, vot, wil, not, be, acceiv, on, vot, email, to, the, abov, address, wil, be, count, mail, reply, to, thi, post, wil, be, return, in, the, ev, that, mor, than, on, vot, is, plac, by, an, individ, on, the, most, rec, vot, wil, be, count, vot, wil, continu, until, numb, numb, gmt, numb, apr, numb, vot, wil, not, be, acceiv, aft, thi, dat, any, admin, inquiry, pertain, to, thi, cfv, may, be, mad, by, email, to, email, the, propos, chart, appear, below, chart, misc, heal, diabet, unmod, numb, the, purpos, of, misc, heal, diabet, is, to, provid, a, for, for, the, discuss, of, issu, pertain, to, diabet, man, i, e, diet, act, medicin, schedules, blood, glucos, control, exerc, med, breakthrough, etc, thi, group, address, the, issu, of, man, of, both, typ, i, insulin, depend, and, typ, ii, non, insulin, depend, diabet, both, techn, discuss, and, gen, support, discuss, relev, to, diabet, ar, welcom, numb, post, to, misc, hea, diabet, ar, intend, to, be, for, discuss, purpos, on, and, ar, in, no, way, to, be, constru, as, med, adv, diabet, is, a, sery, med, condit, requir, direct, supervid, by, a, prim, heal, car, phys, end, of, chart, the, follow, individ, hav, sent, in, valid, vot, email, bil, satterl, email, jim, william, email, colin, henein, email, axel, dunkel, email, jes, eugenio, s, nchez, pe, a, email, ramakrishn, reddy, anugul, email, robert, w, ap, email, alic, r, perdu, email, dav, bain, email, mor, balamut, email, bri, gain, email, bob, waltenspiel, email, bruc, email, bri, spent, email, ernest, a, clin, email, mik, colem, email, thoma, donnel, email, charl, coughr, email, stephany, bradley, swift, email, debr, brend, email, david, barton, email, deborah, lyn, gillaspy, email, dougla, bank, email, edward, reid, email, ed, moor, email, er, j, olson, email, ed, mcguire, email, enrico, coier, email, greg, c, franklin, email, hardc, alask, email, gab, helou, email, isaac, koh, email, isaac, koh, email, gail, gurm, email, greg, g, woodbury, email, leil, thoma, email, gretch, mil, email, phil, handel, email, hc, email, hubert, hed, email, b, j, email, herbert, m, petro, email, herm, rubin, email, ingrid, b, hudson, email, edward, j, huff, email, gary, huffm, email, minh, huynh, email, ishbel, donkin, email, jam, langdel, email, john, a, myer, email, jerry, cullingford, email, randel, jesup, email, joyc, mor, email, joe, petranov, email, john, e, burton, jr, email, joey, p, sum, email, john, maynard, email, pet, kaminsk, email, kerry, raymond, email, aaron, l, dickey, email, rob, knauerhas, email, jen, lyn, kol, email, marc, krigu, email, steph, lau, email, lee, boyl, email, steph, g, rosem, email, marilyn, beam, email, maur, h, rich, email, pet, maa, email, gerry, macrid, email, mark, vanderford, email, michael, c, berch, email, mauricio, f, contrera, email, marth, gunnarson, email, michael, holloway, email, mish, glouberm, email, man, but, email, david, muir, sharnoff, email, nant, block, email, nigel, al, email, rohr, nath, email, bil, ow, email, pam, sul, email, paul, prescod, email, christopher, pil, email, pet, kan, email, glen, popelk, email, aaron, pulkk, email, pat, watkin, email, ken, robinson, email, richard, h, mil, email, robyn, kozierok, email, rolf, schreiber, email, joan, stout, email, stuart, c, squib, email, shar, kalwan, email, shar, a, rund, email, matthew, t, thompson, email, floyd, s, shipm, email, tim, shopp, email, sus, lil, email, stev, w, or, email, surend, chandr, email, stev, kirchoef, email, taryn, l, westergaard, email, thoma, e, tayl, email, timothy, d, aanerud, email, tony, samuel, email, m, jacob, email, vaness, stern, email, jam, wahlgr, email, dougla, waterfal, email, william, grant, email, ralph, e, yozzo, email, mol, hamilton, stev, kirchoef, numb, numb, numb, cod, numb, email, research, lab, microwav, technolog, branch, washington, dc, numb, numb, electron, sci, and, tech, divid