from, email, bri, man, delaney, subject, result, sci, lif, extend, pass, numb, numb, org, univers, of, chicago, lin, numb, nntp, post, host, url, the, vot, to, cre, the, propos, group, sci, lif, extend, was, affirm, ye, vot, numb, no, vot, numb, what, follow, is, a, list, of, the, peopl, who, vot, by, vot, no, or, ye, her, ar, the, peopl, who, vot, no, email, ed, bailey, email, edwin, barkdol, email, mark, brad, email, dav, car, email, david, desjardin, email, jam, b, hutchin, email, rich, kulawiec, email, stu, labovitz, email, steph, lau, email, philip, lebrun, email, jay, maynard, email, ed, mcguire, email, richard, h, mil, email, marc, moorcroft, email, david, mosh, email, er, j, olson, email, herbert, m, petro, email, un, smi, email, maxim, taks, kc, numb, zps, email, matthia, urlich, email, a, frant, uy, email, john, wern, email, pot, wickw, email, greg, g, woodbury, email, d, wright, email, norm, yarvin, email, ar, the, peopl, who, vot, ye, email, hardc, alask, email, ken, alexand, email, alex, auman, email, franklin, balluff, email, mr, stev, barash, email, al, barksd, build, email, john, h, barlow, email, paul, barto, email, ryan, bayn, email, mignon, belongy, email, william, beaudot, email, olav, ben, email, ross, beresford, email, ben, best, email, lev, bitansky, email, jam, blomgr, email, greg, bloom, email, mark, brad, email, el, brandt, email, joseph, bren, email, robert, cardwel, email, jeffrey, chant, email, alexand, chislenko, email, maynard, s, clark, email, a, j, clifford, email, mik, colem, email, stev, coltrin, email, john, t, col, email, curt, m, compton, email, bob, cook, email, bruc, cordel, email, cormy, jean, marc, email, dougla, j, coyl, email, john, r, dassow, numb, email, bruc, dav, email, kenne, jub, demon, email, mark, desilet, email, mark, diekh, email, kar, dubbelm, email, dub, dublin, email, wil, dye, email, terry, eg, email, dan, ed, email, glen, ellingson, email, richard, farr, email, hal, finney, email, lee, fogel, email, foxx, email, sam, frajerm, sppb, x, numb, email, michael, p, frank, email, martin, franklin, email, tiffany, frazy, email, ail, freem, email, tim, freem, email, geoff, georg, email, daniel, gijsb, email, seren, gilbert, email, robert, lew, glenden, email, phil, goetz, email, chris, goolsby, email, david, gordon, email, robert, d, graham, email, cynth, grant, email, robert, greenstein, email, john, a, greg, email, rog, greg, email, ron, hal, ev, email, brent, hans, email, ron, g, hay, email, ann, k, hayn, email, robert, hearn, email, frant, heyligh, email, p, hindm, email, carwil, jam, email, martin, janz, email, jeffery, m, karp, email, richard, kel, email, ed, kemo, email, kessn, er, m, email, mr, r, a, khwaja, email, kei, kosk, email, kath, kram, email, ben, krug, email, david, kunz, email, stev, lang, email, henry, leong, email, stev, linton, email, alejandro, lopez, numb, email, kei, f, lynch, email, charl, macdonald, email, robert, c, majk, email, phil, mark, email, cameron, marshal, email, mik, may, email, bruc, maynard, email, john, mccarrick, email, david, mcintyr, email, malcolm, mcmahon, email, john, mcpherson, email, ralph, merkl, email, er, messick, email, perry, e, metzg, email, gary, r, michael, email, ask, mikael, email, lor, j, mil, email, marvin, minsky, email, paul, mor, email, mark, muhlestein, email, r, david, murray, email, glen, a, nanney, email, anthony, napy, email, donald, e, nim, email, richard, nistuk, email, jonath, o'donnell, email, martin, r, olah, email, christopher, kashin, patil, email, chris, payn, email, sharon, peleg, email, pet, henry, peters, email, chris, phoenix, email, brad, pierc, email, juli, pierc, email, doug, plat, email, mitchel, port, email, craig, presson, email, michael, cliv, pric, email, edward, s, proct, email, stev, pruit, email, michael, quin, email, patrick, rauss, email, jan, k, remk, email, barry, h, rodin, email, karl, r, sacket, email, richard, schroeppel, email, frank, schulz, email, karel, w, sebek, email, brad, seewald, email, thoma, d, shapard, email, harry, shapiro, email, david, muir, sharnoff, email, d, anton, sherwood, email, richard, shiflet, email, elain, shin, email, robert, shock, email, rob, shvern, email, william, siegel, email, kenton, sin, email, bob, smart, email, anthony, david, smi, email, shayn, noel, smi, email, daniel, l, snid, email, snyd, gary, edwin, jr, email, bri, arth, stewart, email, sigrid, stewart, email, nathaniel, stit, email, tom, stockfisch, email, david, stodolsky, email, stev, strong, email, carey, sublet, email, jeff, sut, email, john, swain, email, nick, szabo, email, p, chris, theriault, email, chris, thompson, email, gunn, thores, email, andrew, trap, email, jerry, tun, email, rajeev, upadhy, email, treon, verdery, email, er, j, vor, email, howard, wachtel, email, sus, c, wad, email, paul, wakf, email, elain, walk, email, jam, ward, email, jeremy, m, wertheim, email, bruc, whit, numb, email, mark, wiedm, email, elish, wiesel, email, wil, paul, email, stev, winikoff, email, david, wright, email, steph, wright, numb, email, liquid, x, email, michael, g, xakel, email, ion, yannopoulo, email, bob, yazz, email, leonard, n, zubkoff, email, group, stil, pass, if, you, do, n't, count, the, peopl, for, whom, i, just, hav, email, address, bri, email