from, email, robert, chong, subject, book, for, sal, cheap, nntp, post, host, top, magn, ac, ohio, stat, edu, org, the, ohio, stat, univers, lin, numb, hi, everyon, her, ar, som, book, for, sal, al, pric, ar, negoty, ship, fee, is, not, includ, numb, sign, and, system, alexand, p, poularik, and, samuel, see, pws, kent, publ, old, pric, cur, new, pric, cur, numb, prob, an, introduc, samuel, goldberg, dov, publ, old, pric, cur, new, pric, cur, numb, digit, im, process, and, comput, vis, r, schalkoff, wiley, publ, old, pric, cur, new, pric, cur, numb, digit, im, process, r, gonzalz, and, p, wintz, addison, wesley, publ, old, pric, cur, new, pric, cur, sold, numb, x, window, system, us, guid, for, x, numb, r, numb, o'reilly, assocy, numb, the, best, book, of, ms, dos, numb, al, simpson, sam, old, pric, cur, new, pric, cur, numb, el, of, modern, algebr, hu, hold, day, publ, old, pric, cur, new, pric, cur, numb, symmetry, asymmetry, and, the, world, of, partic, t, d, lee, washington, publ, old, pric, cur, new, pric, cur, numb, el, partic, and, the, law, of, phys, the, numb, dirac, mem, lect, cambridg, publ, old, pric, cur, new, pric, cur, numb, a, brief, hist, of, tim, steph, w, hawk, bantam, book, paperback, old, pric, cur, new, pric, cur, robert, chong, depart, of, mech, engin, the, ohio, stat, univers, email, email