from, email, mik, lipsy, mpu, subject, re, atm, org, mitsubish, elect, research, lab, int, lin, numb, in, artic, email, email, anthony, v, dean, writ, i, 've, been, read, with, much, confus, about, wheth, or, not, to, us, atm, lat, al, the, pack, i, 've, been, buy, hav, al, includ, atm, as, a, bon, adob, has, been, doing, thi, for, year, i, do, som, desktop, publ, us, pagemak, and, coreldraw, coreldraw, com, with, a, nifty, las, disk, that, contain, ov, numb, diff, typ, ad, that, to, the, ttfonts, that, com, with, win, numb, and, you, hav, a, dec, amount, of, font, i, print, my, cre, out, on, an, hp, numb, postcrib, at, numb, dpi, resolv, with, the, resolv, enh, technolog, and, wel, i, get, som, darn, good, cop, so, good, that, ther, is, n't, any, diff, wheth, or, not, atm, is, turn, on, or, not, is, it, wor, it, to, run, atm, at, al, espec, with, thes, bet, print, technolog, and, tt, ther, ar, som, font, that, ar, on, avail, as, ps, font, if, you, hav, a, ps, font, that, you, want, to, us, us, atm, otherw, it, is, a, wast, of, system, resourc, person, i, us, both, mik, lipsy, work, email, electron, research, lab, hom, email