from, email, chris, j, roney, subject, re, div, and, conf, nam, org, simon, fras, univers, burnaby, b, c, canad, distribut, na, lin, numb, email, ev, pritchard, writ, no, i, would, not, want, to, see, a, ballard, divid, but, to, say, that, thes, own, ar, asshol, hent, al, nhl, man, peopl, ar, asshol, would, be, fal, con, smyth, for, exampl, was, a, classy, individ, from, what, i, hav, heard, depend, on, what, you, mean, by, classy, from, what, i, 've, heard, about, him, he, was, about, as, classy, as, harold, ballard, on, diff, was, that, back, then, almost, al, the, own, wer, lik, that, so, he, seem, okay, by, comparison, read, the, book, net, wor, for, on, view, of, what, smyth, and, nor, and, adam, and, campbel, wer, lik, also, is, n't, the, point, of, profess, hockey, to, mak, money, for, al, thos, involv, which, would, includ, the, play, what, i, think, you, might, be, say, is, that, the, play, hav, not, mad, as, much, money, as, should, hav, been, their, due, and, it, is, the, play, that, ar, what, mak, the, gam, gre, not, the, peopl, who, put, them, on, the, ic, so, nam, divid, aft, man, peopl, rath, than, play, is, ad, insult, in, the, form, of, less, recognit, to, injury, less, money, than, was, deserv, ev, mor, spec, i, think, what, rog, was, say, and, i, said, it, prevy, too, is, that, thes, ar, not, the, peopl, who, mad, the, leagu, gre, so, why, should, divid, conf, etc, be, nam, aft, them, instead, of, morenz, vezin, how, or, etc, the, peopl, who, did, mak, it, gre, instead, the, nhl, has, chos, to, immort, the, men, who, got, rich, off, of, the, men, who, mad, the, gam, gre, chris, roney, e, mail, email