from, email, craig, schock, subject, re, smith, birthday, goal, was, leaf, go, al, the, way, org, univers, of, calg, comput, sci, lin, numb, in, artic, email, email, colin, layfield, writ, in, artic, email, email, writ, in, artic, email, email, kevin, c, writ, thank, for, the, goal, by, stev, smi, i, do, n't, see, why, mor, peopl, do, n't, blam, grant, fuhr, for, the, goal, that, smi, put, in, his, own, net, it, 's, common, to, play, the, puck, back, to, yo, own, goa, when, deep, in, yo, own, end, and, und, littl, or, no, press, from, the, offend, team, if, fuhr, had, been, in, posit, the, puck, would, hav, nev, cross, the, lin, mik, mcdowell, i, hav, to, disagr, with, you, on, thi, on, it, is, anyth, but, common, in, the, numb, or, numb, year, i, hav, been, watch, hockey, i, hav, nev, seen, thi, hap, ev, i, am, not, sur, what, leagu, you, hav, been, watch, anyon, els, agr, with, thi, ye, colin, i, hav, to, agr, with, you, her, i, 've, put, the, puck, in, my, own, net, the, sam, way, smi, did, on, ont, mind, you, and, it, was, definit, my, fault, it, is, not, a, common, play, to, play, the, puck, the, way, that, smi, did, lucky, for, me, when, i, did, it, it, was, on, a, scrimmage, craig